<?xml version="1.0" encoding="UTF-8"?>
<BuildStatus>
    <Strategy name="Strategy1">
        <Milestone name="Export" build_result="0" build_time="0">
            <Task name="IBIS" build_result="0" update_result="3" update_time="0"/>
            <Task name="TimingSimFileVlg" build_result="0" update_result="3" update_time="0"/>
            <Task name="TimingSimFileVHD" build_result="0" update_result="3" update_time="0"/>
            <Task name="Bitgen" build_result="0" update_result="3" update_time="0"/>
            <Task name="Jedecgen" build_result="2" update_result="0" update_time="1552254230"/>
        </Milestone>
        <Milestone name="Map" build_result="2" build_time="1552254213">
            <Task name="Map" build_result="2" update_result="0" update_time="1552254213"/>
            <Task name="MapTrace" build_result="0" update_result="3" update_time="0"/>
            <Task name="MapVerilogSimFile" build_result="0" update_result="3" update_time="0"/>
            <Task name="MapVHDLSimFile" build_result="0" update_result="3" update_time="0"/>
        </Milestone>
        <Milestone name="PAR" build_result="2" build_time="1552254224">
            <Task name="PAR" build_result="2" update_result="0" update_time="1552254224"/>
            <Task name="PARTrace" build_result="0" update_result="3" update_time="0"/>
            <Task name="IOTiming" build_result="0" update_result="3" update_time="0"/>
        </Milestone>
        <Milestone name="Synthesis" build_result="2" build_time="1552254210">
            <Task name="Synplify_Synthesis" build_result="2" update_result="0" update_time="1552254210"/>
        </Milestone>
        <Milestone name="TOOL_Report" build_result="0" build_time="0">
            <Task name="HDLE" build_result="2" update_result="0" update_time="1552254198"/>
            <Task name="BKM" build_result="0" update_result="2" update_time="0"/>
            <Task name="SSO" build_result="0" update_result="2" update_time="0"/>
            <Task name="PIODRC" build_result="0" update_result="2" update_time="0"/>
            <Task name="DEC" build_result="0" update_result="2" update_time="0"/>
        </Milestone>
        <Milestone name="Translate" build_result="2" build_time="1552254211">
            <Task name="Translate" build_result="2" update_result="0" update_time="1552254211"/>
        </Milestone>
        <Report name="key00_key0.bgn" last_build_time="1552254230" last_build_size="4220"/>
        <Report name="key00_key0.edi" last_build_time="1552254209" last_build_size="101782"/>
        <Report name="key00_key0.jed" last_build_time="1552254230" last_build_size="1465424"/>
        <Report name="key00_key0.ncd" last_build_time="1552254224" last_build_size="127112"/>
        <Report name="key00_key0.ngd" last_build_time="1552254211" last_build_size="98504"/>
        <Report name="key00_key0_map.ncd" last_build_time="1552254213" last_build_size="90188"/>
    </Strategy>
</BuildStatus>
