<?xml version="1.0" encoding="UTF-8"?>
<BaliMessageLog>
    <Task name="Translate">
        <Message>
            <ID>1166052</ID>
            <Severity>Warning</Severity>
            <Dynamic>logical</Dynamic>
            <Dynamic>K00/D00/OSCInst0_SEDSTDBY</Dynamic>
            <Navigation>K00/D00/OSCInst0_SEDSTDBY</Navigation>
        </Message>
        <Message>
            <ID>1163101</ID>
            <Severity>Warning</Severity>
            <Dynamic>1</Dynamic>
        </Message>
    </Task>
    <Task name="Synplify_Synthesis">
        <Message>
            <ID>2011000</ID>
            <Severity>Info</Severity>
        </Message>
        <Message>
            <ID>2019991</ID>
            <Severity>Warning</Severity>
            <Dynamic>CL279 :&quot;C:\Users\Mau\Documents\Arqui\practicas\Segundo Parcial\01-key00\contring00.vhdl&quot;:18:2:18:3|Pruning register bits 2 to 0 of scont(3 downto 0). If this is not the intended behavior, drive the inputs with valid values, or inputs from the top level.</Dynamic>
            <Navigation>CL279</Navigation>
            <Navigation>C:\Users\Mau\Documents\Arqui\practicas\Segundo Parcial\01-key00\contring00.vhdl</Navigation>
            <Navigation>18</Navigation>
            <Navigation>2</Navigation>
            <Navigation>18</Navigation>
            <Navigation>3</Navigation>
            <Navigation>Pruning register bits 2 to 0 of scont(3 downto 0). If this is not the intended behavior, drive the inputs with valid values, or inputs from the top level.</Navigation>
        </Message>
        <Message>
            <ID>2019991</ID>
            <Severity>Warning</Severity>
            <Dynamic>CD326 :&quot;C:\Users\Mau\Documents\Arqui\practicas\Segundo Parcial\00-osc00-vhdl\oscint00.vhdl&quot;:24:0:24:7|Port sedstdby of entity work.osch is unconnected. If a port needs to remain unconnected, use the keyword open.</Dynamic>
            <Navigation>CD326</Navigation>
            <Navigation>C:\Users\Mau\Documents\Arqui\practicas\Segundo Parcial\00-osc00-vhdl\oscint00.vhdl</Navigation>
            <Navigation>24</Navigation>
            <Navigation>0</Navigation>
            <Navigation>24</Navigation>
            <Navigation>7</Navigation>
            <Navigation>Port sedstdby of entity work.osch is unconnected. If a port needs to remain unconnected, use the keyword open.</Navigation>
        </Message>
        <Message>
            <ID>2019993</ID>
            <Severity>Warning</Severity>
            <Dynamic>FX474 |User-specified initial value defined for some sequential elements which can prevent optimum synthesis results from being achieved.</Dynamic>
            <Navigation>FX474</Navigation>
            <Navigation>User-specified initial value defined for some sequential elements which can prevent optimum synthesis results from being achieved. </Navigation>
        </Message>
        <Message>
            <ID>2019991</ID>
            <Severity>Warning</Severity>
            <Dynamic>MT529 :&quot;c:\users\mau\documents\arqui\practicas\segundo parcial\00-osc00-vhdl\div00.vhdl&quot;:21:2:21:3|Found inferred clock oscint00|osc_int_inferred_clock which controls 22 sequential elements including K00.D01.sdiv[20:0]. This clock has no specified timing constraint which may prevent conversion of gated or generated clocks and may adversely impact design performance.</Dynamic>
            <Navigation>MT529</Navigation>
            <Navigation>c:\users\mau\documents\arqui\practicas\segundo parcial\00-osc00-vhdl\div00.vhdl</Navigation>
            <Navigation>21</Navigation>
            <Navigation>2</Navigation>
            <Navigation>21</Navigation>
            <Navigation>3</Navigation>
            <Navigation>Found inferred clock oscint00|osc_int_inferred_clock which controls 22 sequential elements including K00.D01.sdiv[20:0]. This clock has no specified timing constraint which may prevent conversion of gated or generated clocks and may adversely impact design performance. </Navigation>
        </Message>
        <Message>
            <ID>2019993</ID>
            <Severity>Warning</Severity>
            <Dynamic>MT420 |Found inferred clock oscint00|osc_int_inferred_clock with period 480.77ns. Please declare a user-defined clock on net K00.D00.sclk.</Dynamic>
            <Navigation>MT420</Navigation>
            <Navigation>Found inferred clock oscint00|osc_int_inferred_clock with period 480.77ns. Please declare a user-defined clock on net K00.D00.sclk.</Navigation>
        </Message>
    </Task>
</BaliMessageLog>